index,question,generated_sql,first_value,sql_gen_time(s),success,res_count,error
0,"我想了解广发中证央企创新驱动ETF基金,在2020年一季度的季报第6大重股。该持仓股票当个季度的涨跌幅?请四舍五入保留百分比到小数点两位。","SELECT ROUND(((a.""收盘价(元)"" - a.""昨收盘(元)"") / a.""昨收盘(元)"") * 100, 2) AS 涨跌幅
FROM 基金股票持仓明细表 h
JOIN A股票日行情表 a ON h.""股票代码"" = a.""股票代码""
WHERE h.""基金简称"" = '广发中证央企创新驱动ETF'
  AND h.""第N大重仓股"" = 6
  AND h.""持仓日期"" LIKE '20200331'
  AND a.""交易日"" = (
    SELECT MAX(""交易日"")
    FROM A股票日行情表
    WHERE ""交易日"" <= '20200331'
      AND ""交易日"" >= '20200101'
      AND ""股票代码"" = h.""股票代码""
  )
LIMIT 1;",{'涨跌幅': -3.15},1.702,1,1,
1,"假设股票日收益率计算公式为：日收益率 = （当日收盘价-昨收盘价）/昨收盘价。请帮我找到在2021年，申万行业分类行业划分标准,银行一级行业中, 代码为多少的股票的日均收益率最高？","SELECT a.""股票代码""
FROM ""A股公司行业划分表"" a
JOIN ""A股票日行情表"" d ON a.""股票代码"" = d.""股票代码""
WHERE a.""行业划分标准"" = '申万行业分类'
  AND a.""一级行业名称"" = '银行'
  AND strftime('%Y', d.""交易日"") = '2021'
GROUP BY a.""股票代码""
ORDER BY AVG((d.""收盘价(元)"" - d.""昨收盘(元)"") / d.""昨收盘(元)"") DESC
LIMIT 1;",NO_DATA,1.333,1,0,
2,20200706日，一级行业为机械的股票的成交金额合计是多少？取整。,"SELECT ROUND(SUM(t1.""成交金额(元)"")) 
FROM ""A股票日行情表"" t1
JOIN ""A股公司行业划分表"" t2 
ON t1.""股票代码"" = t2.""股票代码"" 
WHERE t1.""交易日"" = 20200706 
AND t2.""一级行业名称"" = '机械' 
AND t2.""交易日期"" <= 20200706 
AND (
    SELECT MAX(t2_inner.""交易日期"") 
    FROM ""A股公司行业划分表"" t2_inner 
    WHERE t2_inner.""股票代码"" = t2.""股票代码"" 
    AND t2_inner.""交易日期"" <= 20200706
) = t2.""交易日期"";",ERROR: 执行超时（5秒）,1.778,0,0,执行超时（5秒）
3,我想知道股票300819在申万行业分类下的二级行业是什么？用最新的数据。,"SELECT ""二级行业名称"" 
FROM ""A股公司行业划分表"" 
WHERE ""股票代码"" = '300819' 
  AND ""行业划分标准"" = '申万行业分类' 
ORDER BY ""交易日期"" DESC 
LIMIT 1;",{'二级行业名称': '纺织制造'},0.972,1,1,
4,我想知道博时价值臻选两年持有期灵活配置混合C基金，在2021年年度报告中，前10大重仓股中，有多少只股票在报告期内取得正收益。,"SELECT 
    COUNT(*) 
FROM (
    SELECT DISTINCT s.""股票代码""
    FROM ""基金股票持仓明细表"" s
    JOIN ""A股票日行情表"" r1 ON s.""股票代码"" = r1.""股票代码"" AND strftime('%Y', r1.""交易日"") = '2021'
    WHERE s.""基金简称"" = '博时价值臻选两年持有期灵活配置混合C'
      AND s.""报告类型"" = '年度报告'
      AND s.""第N大重仓股"" <= 10
      AND r1.""收盘价(元)"" > r1.""昨收盘(元)""
) t;",{'COUNT(*)': 0},1.111,1,1,
5,我想知道股票600322在申万行业分类下的二级行业是什么？用最新的数据。,"SELECT ""二级行业名称""
FROM ""A股公司行业划分表""
WHERE ""股票代码"" = '600322'
  AND ""行业划分标准"" = '申万行业分类'
ORDER BY ""交易日期"" DESC
LIMIT 1;",{'二级行业名称': '房地产开发'},0.828,1,1,
6,20200923日，一级行业为建筑的股票的成交量合计是多少？取整。,"SELECT CAST(SUM(t1.""成交量(股)"") AS INTEGER) AS total_volume  
FROM ""A股票日行情表"" t1  
JOIN ""A股公司行业划分表"" t2  
ON t1.""股票代码"" = t2.""股票代码""  
WHERE t1.""交易日"" = '20200923'  
AND t2.""一级行业名称"" = '建筑'  
AND t2.""交易日期"" <= '20200923'  
AND (t2.""行业划分标准"" IS NULL OR t2.""行业划分标准"" != '最新'  
OR NOT EXISTS (  
    SELECT 1 FROM ""A股公司行业划分表"" t3  
    WHERE t3.""股票代码"" = t2.""股票代码""  
    AND t3.""交易日期"" > t2.""交易日期""  
    AND t3.""交易日期"" <= '20200923'  
));",{'total_volume': 884711256525},1.382,1,1,
7,大成景乐纯债债券C基金在20210331的季报里，前三大持仓占比的债券名称是什么?,"SELECT ""债券名称""
FROM (
    SELECT ""债券名称"", ""持债市值占基金资产净值比"", ""第N大重仓股""
    FROM ""基金债券持仓明细表""
    WHERE ""基金简称"" = '大成景乐纯债债券C'
      AND ""持仓日期"" = '20210331'
      AND (""第N大重仓股"" = 1 OR ""第N大重仓股"" = 2 OR ""第N大重仓股"" = 3)
    
    UNION ALL
    
    SELECT ""债券名称"", ""市值占基金资产净值比"", ""第N大重仓股""
    FROM ""基金可转债持仓明细表""
    WHERE ""基金简称"" = '大成景乐纯债债券C'
      AND ""持仓日期"" = '20210331'
      AND (""第N大重仓股"" = 1 OR ""第N大重仓股"" = 2 OR ""第N大重仓股"" = 3)
) AS top3_bonds
ORDER BY ""第N大重仓股""
LIMIT 3;",NO_DATA,1.458,1,0,
8,20211207日，成交金额最大的前三家上市公司的股票代码是什么？按成交金额从大到小给出,"SELECT ""股票代码""
FROM (
    SELECT ""股票代码"", ""成交金额(元)""
    FROM ""A股票日行情表""
    WHERE ""交易日"" = '20211207'
    ORDER BY ""成交金额(元)"" DESC
    LIMIT 3
);",{'股票代码': '300750'},0.776,1,3,
9,请问股票代码为002771的股票在2021年内日成交量低于该股票当年平均日成交量的有多少个交易日？,"SELECT COUNT(*) 
FROM ""A股票日行情表""
WHERE ""股票代码"" = '002771' 
  AND strftime('%Y', ""交易日"") = '2021' 
  AND ""成交量(股)"" < (
    SELECT AVG(""成交量(股)"")
    FROM ""A股票日行情表""
    WHERE ""股票代码"" = '002771' 
      AND strftime('%Y', ""交易日"") = '2021'
  );",{'COUNT(*)': 0},1.043,1,1,
10,请帮我查询出20190121日，非银行金融一级行业涨幅超过5%（不包含）的股票数量。,"SELECT COUNT(*) 
FROM A股票日行情表 a
JOIN A股公司行业划分表 b ON a.""股票代码"" = b.""股票代码""
WHERE a.""交易日"" = '20190121'
  AND b.""交易日期"" <= '20190121'
  AND b.""一级行业名称"" = '非银行金融'
  AND (a.""收盘价(元)"" - a.""昨收盘(元)"") / a.""昨收盘(元)"" > 0.05;",{'COUNT(*)': 21},0.83,1,1,
11,帮我查询在2020年12月31日，代码为007678的基金前20大重仓股票中属于中信二级照明电工及其他行业的平均市值是多少？小数点后保留不超过3位。,"SELECT ROUND(AVG(""市值""), 3) AS ""平均市值""
FROM (
    SELECT ""市值""
    FROM ""基金股票持仓明细表"" t1
    JOIN ""A股公司行业划分表"" t2 
        ON t1.""股票代码"" = t2.""股票代码"" 
        AND strftime('%Y-%m-%d', t1.""持仓日期"") = strftime('%Y-%m-%d', t2.""交易日期"")
    WHERE t1.""基金代码"" = '007678'
      AND strftime('%Y-%m-%d', t1.""持仓日期"") = '2020-12-31'
      AND t2.""二级行业名称"" = '照明电工及其他'
      AND t1.""第N大重仓股"" <= 20
    ORDER BY t1.""第N大重仓股"" ASC
) sub;",{'平均市值': None},1.266,1,1,
12,"在20210630的年报(含半年报)中，华夏中债1-3年政策性金融债指数C基金的债券持仓,其持有最大仓位的债券类型是什么?","SELECT ""债券类型""
FROM ""基金债券持仓明细表""
WHERE ""基金简称"" = '华夏中债1-3年政策性金融债指数C'
  AND ""持仓日期"" = '20210630'
  AND ""报告类型"" IN ('年报', '半年报')
ORDER BY ""持债市值"" DESC
LIMIT 1;",NO_DATA,1.138,1,0,
13,我想知道兴全磐稳增利债券C基金在20200930的季报中，其可转债持仓占比最大的是哪个行业？用申万一级行业来统计。,"SELECT t2.""一级行业名称""
FROM ""基金可转债持仓明细表"" t1
JOIN ""A股公司行业划分表"" t2 ON t1.""对应股票代码"" = t2.""股票代码"" AND t1.""持仓日期"" = t2.""交易日期""
WHERE t1.""基金简称"" = '兴全磐稳增利债券C'
  AND t1.""持仓日期"" = '20200930'
  AND t1.""报告类型"" = '季报'
GROUP BY t2.""一级行业名称""
ORDER BY SUM(t1.""市值"") / (SELECT SUM(""市值"") FROM ""基金可转债持仓明细表"" WHERE ""基金简称"" = '兴全磐稳增利债券C' AND ""持仓日期"" = '20200930' AND ""报告类型"" = '季报') DESC
LIMIT 1;",{'一级行业名称': '银行'},1.346,1,1,
14,"请查询：2020年12月年报(含半年报),持有20平安银行CD073且是前10大重仓股的基金有几个？","SELECT COUNT(DISTINCT fsh.""基金代码"") 
FROM (
    SELECT ""基金代码"" FROM ""基金股票持仓明细表"" 
    WHERE ""报告类型"" = '年报(含半年报)' 
      AND ""股票名称"" = '20平安银行CD073' 
      AND ""第N大重仓股"" <= 10
) AS fsh;","{'COUNT(DISTINCT fsh.""基金代码"")': 0}",0.955,1,1,
15,请列出汇添富基金管理股份有限公司在2020年成立并且托管人为中国农业银行股份有限公司的所有基金的基金托管费率的平均数。,"SELECT AVG(""托管费率"") 
FROM ""基金基本信息表"" 
WHERE ""管理人"" = '汇添富基金管理股份有限公司' 
  AND strftime('%Y', substr(""成立日期"", 1, 4) || '-' || substr(""成立日期"", 5, 2) || '-' || substr(""成立日期"", 7, 2)) = '2020' 
  AND ""托管人"" = '中国农业银行股份有限公司';","{'AVG(""托管费率"")': 0.0011666666666666668}",0.903,1,1,
16,在20201022，按照中信行业分类的行业划分标准，哪个一级行业的A股公司数量最多？,"SELECT ""一级行业名称""
FROM ""A股公司行业划分表""
WHERE ""行业划分标准"" = '中信行业分类' AND ""交易日期"" = 20201022
GROUP BY ""一级行业名称""
ORDER BY COUNT(*) DESC
LIMIT 1;",{'一级行业名称': '机械'},0.761,1,1,
17,请查询在2019年度，002093股票涨停天数？   解释：（收盘价/昨日收盘价-1）》=9.8% 视作涨停,"SELECT COUNT(*) 
FROM A股票日行情表 
WHERE ""股票代码"" = '002093' 
  AND strftime('%Y', ""交易日"", 'unixepoch', 'localtime') = '2019' 
  AND (""收盘价(元)"" / ""昨收盘(元)"" - 1) >= 0.098;",{'COUNT(*)': 0},0.927,1,1,
18,请查询：在20190121，属于申万二级水泥制造行业的A股股票，它们的平均成交金额是多少？小数点后保留不超过5位。,"SELECT ROUND(AVG(""成交金额(元)""), 5) AS avg_amount
FROM ""A股票日行情表"" a
JOIN ""A股公司行业划分表"" b
  ON a.""股票代码"" = b.""股票代码"" AND a.""交易日"" = b.""交易日期""
WHERE a.""交易日"" = '20190121'
  AND b.""二级行业名称"" = '水泥制造';",{'avg_amount': 132516957.35294},0.975,1,1,
19,在2019年报中，东方红睿华沪港深灵活配置混合(LOF)A基金第六大重仓股的代码和股票名称是什么？,"SELECT ""股票代码"", ""股票名称""
FROM ""基金股票持仓明细表""
WHERE ""基金简称"" = '东方红睿华沪港深灵活配置混合(LOF)A'
  AND ""报告类型"" = '年报'
  AND SUBSTR(""持仓日期"", 1, 4) = '2019'
  AND ""第N大重仓股"" = 6;",NO_DATA,0.857,1,0,
20,我想知道浦银安盛双债增强债券C基金在20200331的季报中，其可转债持仓占比最大的是哪个行业？用申万一级行业来统计。,"SELECT ""一级行业名称""
FROM (
    SELECT ""A股公司行业划分表"".""一级行业名称"", SUM(t1.""市值"") AS total_value
    FROM ""基金可转债持仓明细表"" t1
    JOIN ""A股公司行业划分表"" 
        ON t1.""对应股票代码"" = ""A股公司行业划分表"".""股票代码""
        AND t1.""持仓日期"" = ""A股公司行业划分表"".""交易日期""
    JOIN ""基金基本信息表"" t2
        ON t1.""基金代码"" = t2.""基金代码""
    WHERE t2.""基金简称"" = '浦银安盛双债增强债券C'
      AND t1.""持仓日期"" = '20200331'
      AND t1.""报告类型"" = '季报'
    GROUP BY ""A股公司行业划分表"".""一级行业名称""
    ORDER BY total_value DESC
    LIMIT 1
);",NO_DATA,1.34,1,0,
21,我想知道国泰金鹿混合在2020年Q1的季报中，该基金的第2大重仓股的代码是什么?,"SELECT ""股票代码"" 
FROM ""基金股票持仓明细表"" 
WHERE ""基金简称"" = '国泰金鹿混合' 
  AND ""报告类型"" = '季报' 
  AND strftime('%Y', ""持仓日期"") = '2020' 
  AND CAST(strftime('%m', ""持仓日期"") AS INTEGER) BETWEEN 1 AND 3 
  AND ""第N大重仓股"" = 2;",NO_DATA,0.913,1,0,
22,嘉实基金管理有限公司管理的其他型产品的数量有多少?,"SELECT COUNT(*) 
FROM 基金基本信息表 
WHERE 管理人 = '嘉实基金管理有限公司' AND 基金类型 = '其他型';",{'COUNT(*)': 1},1.448,1,1,
23,20210304日，一级行业为非银金融的股票的成交量合计是多少？取整。,"SELECT SUM(""成交量(股)"") AS total_volume
FROM ""A股票日行情表"" a
JOIN ""A股公司行业划分表"" b
  ON a.""股票代码"" = b.""股票代码""
  AND a.""交易日"" >= b.""交易日期""
  AND (b.""交易日期"" = (SELECT MAX(""交易日期"") FROM ""A股公司行业划分表"" WHERE ""股票代码"" = a.""股票代码"" AND ""交易日期"" <= a.""交易日""))
WHERE a.""交易日"" = 20210304
  AND b.""一级行业名称"" = '非银金融';",ERROR: 执行超时（5秒）,1.121,0,0,执行超时（5秒）
24,请帮我计算，在20200521，申万行业分类划分的一级行业为采掘行业中，涨跌幅最大股票的股票代码是？涨跌幅是多少？百分数保留两位小数。股票涨跌幅定义为：（收盘价 - 前一日收盘价 / 前一日收盘价）* 100%。,"SELECT 
    a.""股票代码"",
    printf('%.2f', ((a.""收盘价(元)"" - a.""昨收盘(元)"" ) / a.""昨收盘(元)"") * 100) AS ""涨跌幅""
FROM 
    ""A股票日行情表"" a
JOIN 
    ""A股公司行业划分表"" b
ON 
    a.""股票代码"" = b.""股票代码"" AND b.""交易日期"" = a.""交易日""
WHERE 
    a.""交易日"" = '20200521'
    AND b.""一级行业名称"" = '采掘'
    AND a.""昨收盘(元)"" <> 0
ORDER BY 
    ((a.""收盘价(元)"" - a.""昨收盘(元)"") / a.""昨收盘(元)"") DESC
LIMIT 1;","{'股票代码': '000655', '涨跌幅': '4.81'}",1.534,1,1,
25,我想知道在20210630的季报里，嘉实中证央企创新驱动ETF联接C投资的股票分别是哪些申万一级行业？,"SELECT DISTINCT a.""一级行业名称""
FROM ""基金股票持仓明细表"" f
JOIN ""A股公司行业划分表"" a ON f.""股票代码"" = a.""股票代码""
WHERE f.""基金简称"" = '嘉实中证央企创新驱动ETF联接C'
  AND f.""报告类型"" = '季报'
  AND f.""持仓日期"" = '20210630'
  AND a.""交易日期"" <= '20210630'
ORDER BY a.""一级行业名称"";",ERROR: 执行超时（5秒）,0.962,0,0,执行超时（5秒）
26,易方达恒盛3个月定期开放混合基金在20200331的季报里，前三大持仓占比的债券名称是什么?,"SELECT ""债券名称""
FROM (
    SELECT ""债券名称"", ""持债市值占基金资产净值比"", ""第N大重仓股""
    FROM ""基金债券持仓明细表""
    WHERE ""基金简称"" = '易方达恒盛3个月定期开放混合'
      AND ""持仓日期"" = '20200331'
      AND ""报告类型"" = '季度报告'
    UNION ALL
    SELECT ""债券名称"", ""市值占基金资产净值比"", ""第N大重仓股""
    FROM ""基金可转债持仓明细表""
    WHERE ""基金简称"" = '易方达恒盛3个月定期开放混合'
      AND ""持仓日期"" = '20200331'
      AND ""报告类型"" = '季度报告'
) AS combined
ORDER BY ""持债市值占基金资产净值比"" DESC
LIMIT 3;",NO_DATA,1.437,1,0,
27,我想知道在20211231的季报里，鹏扬添利增强债券A投资的股票分别是哪些申万一级行业？,"SELECT DISTINCT a.""一级行业名称""
FROM ""A股公司行业划分表"" a
JOIN ""基金股票持仓明细表"" f ON a.""股票代码"" = f.""股票代码""
WHERE f.""基金简称"" = '鹏扬添利增强债券A'
  AND f.""持仓日期"" = '20211231'
  AND f.""报告类型"" = '季报';",ERROR: 执行超时（5秒）,0.968,0,0,执行超时（5秒）
28,"请查询：2021年12月年报(含半年报),持有20铜陵有色MTN001且是前10大重仓股的基金有几个？","SELECT COUNT(DISTINCT 基金代码) 
FROM 基金股票持仓明细表 
WHERE ""报告类型"" IN ('年报(含半年报)') 
  AND ""第N大重仓股"" <= 10 
  AND 股票代码 = '000630';",{'COUNT(DISTINCT 基金代码)': 8},1.0,1,1,
29,在2020年7月10日，使用中信行业分类标准，股票代码603801是属于哪个一级行业的?,"SELECT ""一级行业名称""
FROM ""A股公司行业划分表""
WHERE ""股票代码"" = '603801'
  AND ""行业划分标准"" = '中信行业分类'
  AND ""交易日期"" = '20200710';",{'一级行业名称': '轻工制造'},0.745,1,1,
30,"请查询：2021年12月年报(含半年报),持有17扬城建MTN001且是前10大重仓股的基金有几个？","SELECT COUNT(*) 
FROM (
    SELECT DISTINCT 基金代码
    FROM 基金股票持仓明细表
    WHERE ""报告类型"" = '年报(含半年报)' 
      AND ""第N大重仓股"" <= 10
    UNION
    SELECT DISTINCT 基金代码
    FROM 基金债券持仓明细表
    WHERE ""报告类型"" = '年报(含半年报)' 
      AND ""第N大重仓股"" <= 10
      AND 债券名称 = '17扬城建MTN001'
    UNION
    SELECT DISTINCT 基金代码
    FROM 基金可转债持仓明细表
    WHERE ""报告类型"" = '年报(含半年报)' 
      AND ""第N大重仓股"" <= 10
      AND 债券名称 = '17扬城建MTN001'
) AS qualified_funds;",{'COUNT(*)': 1858},1.29,1,1,
31,请帮我查询在截止2020-12-31的报告期间，基金总份额降低的基金数量是多少？,"SELECT COUNT(*) 
FROM 基金规模变动表 
WHERE ""截止日期"" = '2020-12-31' 
  AND (""报告期期末基金总份额"" < ""报告期期初基金总份额"");",{'COUNT(*)': 0},0.75,1,1,
32,"我想了解一下长城基金管理有限公司2020年成立的债券型基金,其管理费率的平均值是多少?请四舍五入保留小数点两位。","SELECT ROUND(AVG(""管理费率""), 2) 
FROM ""基金基本信息表"" 
WHERE ""管理人"" = '长城基金管理有限公司' 
  AND strftime('%Y', ""成立日期"") = '2020' 
  AND ""基金类型"" = '债券型';","{'ROUND(AVG(""管理费率""), 2)': None}",0.847,1,1,
33,我想知道申万菱信量化对冲策略灵活配置混合基金在20211231的年报(含半年报)中，其可转债持仓占比最大的是哪个行业？用中信一级行业来统计。,"SELECT ""一级行业名称""
FROM (
    SELECT 
        i.""一级行业名称"",
        SUM(t.""市值"") AS total_market_value
    FROM ""基金可转债持仓明细表"" t
    JOIN ""A股公司行业划分表"" i 
        ON t.""对应股票代码"" = i.""股票代码"" 
        AND t.""持仓日期"" = i.""交易日期""
    WHERE 
        t.""基金简称"" = '申万菱信量化对冲策略灵活配置混合' 
        AND t.""持仓日期"" = '20211231'
        AND t.""报告类型"" IN ('年报', '半年报')
        AND i.""行业划分标准"" = '中信一级'
    GROUP BY i.""一级行业名称""
    ORDER BY total_market_value DESC
    LIMIT 1
);",NO_DATA,1.26,1,0,
34,"请帮我查询下在2020年, 农银汇理基金管理有限公司管理的债券型基金中，持有过同业存单的基金有多少只？","SELECT COUNT(*) 
FROM 基金债券持仓明细表 tb 
JOIN 基金基本信息表 fi 
  ON tb.""基金代码"" = fi.""基金代码"" 
WHERE fi.""管理人"" = '农银汇理基金管理有限公司' 
  AND fi.""基金类型"" = '债券型' 
  AND EXISTS (
    SELECT 1 
    FROM 基金债券持仓明细表 subtb 
    WHERE subtb.""基金代码"" = tb.""基金代码"" 
      AND subtb.""债券名称"" LIKE '%同业存单%' 
      AND strftime('%Y', subtb.""持仓日期"") = '2020'
  ) 
  AND strftime('%Y', tb.""持仓日期"") = '2020';",{'COUNT(*)': 0},1.239,1,1,
35,2021年二季度，有多少家基金发生了净赎回?总共赎回了多少份额?记得给我四舍五入到小数点后两位哦。,"SELECT 
    COUNT(*) AS 净赎回基金家数,
    ROUND(SUM(""报告期基金总赎回份额"" - ""报告期基金总申购份额""), 2) AS 总净赎回份额
FROM 基金规模变动表
WHERE 
    ""定期报告所属年度"" = 2021 
    AND 
    (
        (""报告期基金总赎回份额"" - ""报告期基金总申购份额"") < 0 
        OR (""报告期基金总赎回份额"" > ""报告期基金总申购份额"")
    )
    AND 
    ""报告类型"" IN ('中期报告', '季度报告')
    AND 
    ""截止日期"" BETWEEN '2021-04-01' AND '2021-06-30';","{'净赎回基金家数': 0, '总净赎回份额': None}",1.334,1,1,
36,"帮我算一下在20190408,代码为00326的港股日价格振幅是多少，小数点后保留不超过3位。","SELECT ROUND((CAST(""最高价(元)"" AS REAL) - CAST(""最低价(元)"" AS REAL)) / CAST(""昨收盘(元)"" AS REAL) * 100, 3) AS ""日价格振幅""
FROM ""港股票日行情表""
WHERE ""股票代码"" = '00326' AND ""交易日"" = '20190408';",{'日价格振幅': 3.39},0.92,1,1,
37,在2020年5月2日，使用中信行业分类标准，股票代码600483是属于哪个一级行业的?,"SELECT ""一级行业名称"" 
FROM ""A股公司行业划分表""
WHERE ""股票代码"" = '600483'
  AND ""行业划分标准"" = '中信行业分类'
  AND ""交易日期"" <= 20200502
ORDER BY ""交易日期"" DESC
LIMIT 1;",{'一级行业名称': '电力设备及新能源'},0.873,1,1,
38,我想知道在2019年，金信基金管理有限公司已发行的基金中，有多少只基金报告期期初基金总份额小于报告期期末基金总份额(使用每只基金当年最晚的定期报告数据计算)？,"SELECT COUNT(*) 
FROM (
    SELECT f.基金代码
    FROM 基金规模变动表 f
    JOIN 基金基本信息表 b ON f.基金代码 = b.基金代码
    WHERE b.管理人 = '金信基金管理有限公司'
      AND f.定期报告所属年度 = 2019
      AND f.报告类型 IN ('年度报告', '中期报告', '季度报告')
    GROUP BY f.基金代码
    HAVING MAX(f.公告日期) IS NOT NULL
) AS latest_reports
JOIN (
    SELECT 基金代码, MAX(公告日期) AS max_date
    FROM 基金规模变动表
    WHERE 定期报告所属年度 = 2019
    GROUP BY 基金代码
) latest ON f.基金代码 = latest.基金代码 AND f.公告日期 = latest.max_date
WHERE f.报告期期初基金总份额 < f.报告期期末基金总份额;",ERROR: no such column: f.报告期期初基金总份额,1.527,0,0,no such column: f.报告期期初基金总份额
39,请查询在2021年度，688728股票涨停天数？   解释：（收盘价/昨日收盘价-1）》=9.8% 视作涨停,"SELECT COUNT(*) AS ""涨停天数""
FROM ""A股票日行情表""
WHERE ""股票代码"" = '688728'
  AND strftime('%Y', substr(""交易日"", 1, 4) || '-' || substr(""交易日"", 5, 2) || '-' || substr(""交易日"", 7, 2)) = '2021'
  AND (""收盘价(元)"" / ""昨收盘(元)"" - 1) >= 0.098;",{'涨停天数': 2},0.947,1,1,
40,我想知道在2021年，光大保德信基金管理有限公司已发行的基金中，有多少只基金报告期期初基金总份额小于报告期期末基金总份额(使用每只基金当年最晚的定期报告数据计算)？,"SELECT COUNT(*) 
FROM (
    SELECT fs.""基金代码""
    FROM ""基金基本信息表"" fb
    JOIN ""基金规模变动表"" fs ON fb.""基金代码"" = fs.""基金代码""
    WHERE fb.""管理人"" = '光大保德信基金管理有限公司'
      AND fs.""定期报告所属年度"" = 2021
      AND fs.""报告类型"" IN ('年报', '半年报', '季报')
      AND fs.""截止日期"" = (
          SELECT MAX(fs2.""截止日期"")
          FROM ""基金规模变动表"" fs2
          WHERE fs2.""基金代码"" = fs.""基金代码""
            AND fs2.""定期报告所属年度"" = 2021
            AND fs2.""报告类型"" IN ('年报', '半年报', '季报')
      )
    GROUP BY fs.""基金代码""
    HAVING fs.""报告期期末基金总份额"" > fs.""报告期期初基金总份额""
) t;",{'COUNT(*)': 0},1.36,1,1,
41,2020年中期报告里，国泰基金管理有限公司管理的基金中，机构投资者持有份额比个人投资者多的基金有多少只?,"SELECT COUNT(*) 
FROM 基金份额持有人结构表 AS t1
JOIN 基金基本信息表 AS t2 ON t1.""基金代码"" = t2.""基金代码""
WHERE t2.""管理人"" = '国泰基金管理有限公司'
  AND t1.""报告类型"" = '中期报告'
  AND t1.""定期报告所属年度"" = 2020
  AND t1.""机构投资者持有的基金份额"" > t1.""个人投资者持有的基金份额"";",{'COUNT(*)': 0},0.995,1,1,
42,请帮我查询在截止2021-03-31的基金定期报告中，基金总赎回份额为零的基金有几个？,"SELECT COUNT(*)  
FROM ""基金规模变动表""  
WHERE ""截止日期"" = '2021-03-31'  
  AND ""报告类型"" = '定期报告'  
  AND ""报告期基金总赎回份额"" = 0;",{'COUNT(*)': 0},0.764,1,1,
43,20210930日，一级行业为机械的股票的成交金额合计是多少？取整。,"SELECT ROUND(SUM(a.""成交金额(元)"")) 
FROM ""A股票日行情表"" a
JOIN ""A股公司行业划分表"" h 
  ON a.""股票代码"" = h.""股票代码"" 
  AND a.""交易日"" = h.""交易日期""
WHERE a.""交易日"" = '20210930' 
  AND h.""一级行业名称"" = '机械';","{'ROUND(SUM(a.""成交金额(元)""))': 53934559056.0}",0.934,1,1,
44,请查询在20200623日期，中信行业分类下汽车一级行业中，当日收盘价波动最大（即最高价与最低价之差最大）的股票代码是什么？,"SELECT a.""股票代码""
FROM ""A股公司行业划分表"" a
JOIN ""A股票日行情表"" r ON a.""股票代码"" = r.""股票代码""
WHERE a.""行业划分标准"" = '中信'
  AND a.""一级行业名称"" = '汽车'
  AND a.""交易日期"" = '20200623'
  AND r.""交易日"" = '20200623'
ORDER BY (r.""最高价(元)"" - r.""最低价(元)"") DESC
LIMIT 1;",NO_DATA,0.962,1,0,
45,我想知道东方阿尔法优势产业混合C基金，在2021年年度报告中，前10大重仓股中，有多少只股票在报告期内取得正收益。,"SELECT COUNT(*) 
FROM (
    SELECT DISTINCT s.""股票代码""
    FROM ""基金股票持仓明细表"" s
    JOIN ""A股票日行情表"" a1 ON s.""股票代码"" = a1.""股票代码""
    JOIN ""A股票日行情表"" a2 ON s.""股票代码"" = a2.""股票代码"" AND a2.""交易日"" > a1.""交易日""
    WHERE s.""基金简称"" = '东方阿尔法优势产业混合C'
      AND s.""报告类型"" = '年度报告'
      AND strftime('%Y', s.""持仓日期"") = '2021'
      AND s.""第N大重仓股"" <= 10
      AND a1.""交易日"" = (
          SELECT MIN(""交易日"") 
          FROM ""A股票日行情表"" 
          WHERE ""股票代码"" = s.""股票代码"" 
            AND ""交易日"" >= substr(s.""持仓日期"", 1, 4) || '-01-01'
            AND ""交易日"" <= substr(s.""持仓日期"", 1, 4) || '-12-31'
      )
      AND a2.""交易日"" = (
          SELECT MAX(""交易日"") 
          FROM ""A股票日行情表"" 
          WHERE ""股票代码"" = s.""股票代码"" 
            AND ""交易日"" >= substr(s.""持仓日期"", 1, 4) || '-01-01'
            AND ""交易日"" <= substr(s.""持仓日期"", 1, 4) || '-12-31'
      )
      AND a2.""收盘价(元)"" > a1.""收盘价(元)""
) t;",{'COUNT(*)': 0},1.961,1,1,
46,请列出华宝基金管理有限公司在2019年成立并且托管人为中国民生银行股份有限公司的所有基金的基金托管费率的平均数。,"SELECT AVG(""托管费率"") 
FROM ""基金基本信息表"" 
WHERE ""管理人"" = '华宝基金管理有限公司' 
  AND strftime('%Y', substr(""成立日期"", 1, 4) || '-' || substr(""成立日期"", 5, 2) || '-' || substr(""成立日期"", 7, 2)) = '2019' 
  AND ""托管人"" = '中国民生银行股份有限公司';","{'AVG(""托管费率"")': 0.001}",0.925,1,1,
47,请问2019年二季度有多少家基金是净申购?它们的净申购份额加起来是多少?请四舍五入保留小数点两位。,"SELECT 
    COUNT(*) AS 基金数量,
    ROUND(SUM(""报告期基金总申购份额"" - ""报告期基金总赎回份额""), 2) AS 净申购总额
FROM 基金规模变动表
WHERE 
    ""定期报告所属年度"" = 2019 
    AND (
        (""报告期基金总申购份额"" - ""报告期基金总赎回份额"") > 0
    );","{'基金数量': 1101, '净申购总额': 287703500329.33}",0.994,1,1,
48,请查询：在20190118，属于申万二级银行行业的A股股票，它们的平均成交金额是多少？小数点后保留不超过5位。,"SELECT ROUND(AVG(""成交金额(元)""), 5) AS 平均成交金额
FROM ""A股票日行情表"" a
JOIN ""A股公司行业划分表"" b
ON a.""股票代码"" = b.""股票代码"" AND a.""交易日"" = b.""交易日期""
WHERE a.""交易日"" = '20190118'
  AND b.""二级行业名称"" = '银行';",{'平均成交金额': 456321251.1},0.957,1,1,
49,2019年中期报告里，华夏基金管理有限公司管理的基金中，机构投资者持有份额比个人投资者多的基金有多少只?,"SELECT COUNT(*) 
FROM 基金份额持有人结构表 AS s
JOIN 基金基本信息表 AS f ON s.""基金代码"" = f.""基金代码""
WHERE f.""管理人"" = '华夏基金管理有限公司'
  AND s.""报告类型"" = '中期报告'
  AND s.""定期报告所属年度"" = 2019
  AND s.""机构投资者持有的基金份额"" > s.""个人投资者持有的基金份额"";",{'COUNT(*)': 1},0.998,1,1,
50,"请帮我查询下在2020年, 睿远基金管理有限公司管理的债券型基金中，持有过可转换债券的基金有多少只？","SELECT COUNT(*) 
FROM 基金可转债持仓明细表 k
JOIN 基金基本信息表 f ON k.""基金代码"" = f.""基金代码""
WHERE f.""管理人"" = '睿远基金管理有限公司'
  AND f.""基金类型"" = '债券型'
  AND strftime('%Y', k.""持仓日期"") = '2020';",{'COUNT(*)': 0},1.723,1,1,
51,在2021年12月季报中，持有完美世界这一股票且市值占基金资产净值比不小于5%的有几只基金？,"SELECT COUNT(*) 
FROM 基金股票持仓明细表
WHERE ""股票名称"" = '完美世界' 
  AND ""市值占基金资产净值比"" >= 0.05 
  AND report_type = '季报' 
  AND strftime('%Y-%m', ""持仓日期"") = '2021-12';",ERROR: no such column: report_type,0.953,0,0,no such column: report_type
52,我想知道国泰民福策略价值灵活配置混合A基金在20200630的年报(含半年报)中，其可转债持仓占比最大的是哪个行业？用中信一级行业来统计。,"SELECT 
    a.""一级行业名称""
FROM 
    ""基金可转债持仓明细表"" t
JOIN 
    ""A股公司行业划分表"" a 
    ON t.""对应股票代码"" = a.""股票代码"" 
    AND strftime('%Y%m%d', t.""持仓日期"") = strftime('%Y%m%d', a.""交易日期"")
JOIN 
    ""基金基本信息表"" f 
    ON t.""基金代码"" = f.""基金代码""
WHERE 
    f.""基金简称"" = '国泰民福策略价值灵活配置混合A'
    AND t.""持仓日期"" = '20200630'
    AND t.""报告类型"" IN ('年报', '中期报告')
GROUP BY 
    a.""一级行业名称""
ORDER BY 
    SUM(t.""市值"") DESC
LIMIT 1;",NO_DATA,1.366,1,0,
53,请查询在20211125日期，中信行业分类下机械一级行业中，当日收盘价波动最大（即最高价与最低价之差最大）的股票代码是什么？,"SELECT a.""股票代码""
FROM ""A股票日行情表"" a
JOIN ""A股公司行业划分表"" b 
    ON a.""股票代码"" = b.""股票代码""
    AND a.""交易日"" = b.""交易日期""
WHERE a.""交易日"" = '20211125'
    AND b.""行业划分标准"" = '中信'
    AND b.""一级行业名称"" = '机械'
ORDER BY (a.""最高价(元)"" - a.""最低价(元)"") DESC
LIMIT 1;",NO_DATA,1.07,1,0,
54,在2019年的中期报告里，金鹰基金管理有限公司管理的基金中，有多少比例的基金是个人投资者持有的份额超过机构投资者？希望得到一个精确到两位小数的百分比。,"SELECT ROUND(COUNT(*) * 100.0 / (SELECT COUNT(*) FROM 基金份额持有人结构表 AS s
JOIN 基金基本信息表 AS f ON s.""基金代码"" = f.""基金代码""
WHERE f.""管理人"" = '金鹰基金管理有限公司'
AND s.""定期报告所属年度"" = 2019
AND s.""报告类型"" = '中期报告'
AND s.""个人投资者持有的基金份额"" > s.""机构投资者持有的基金份额""), 2) AS ""比例(%)""
FROM 基金份额持有人结构表 AS s
JOIN 基金基本信息表 AS f ON s.""基金代码"" = f.""基金代码""
WHERE f.""管理人"" = '金鹰基金管理有限公司'
AND s.""定期报告所属年度"" = 2019
AND s.""报告类型"" = '中期报告'
AND s.""个人投资者持有的基金份额"" > s.""机构投资者持有的基金份额"";",{'比例(%)': None},1.436,1,1,
55,"帮我算一下在20201222,代码为02198的港股日价格振幅是多少，小数点后保留不超过3位。","SELECT ROUND(((""最高价(元)"" - ""最低价(元)"") / ""昨收盘(元)"") * 100, 3) AS 振幅  
FROM ""港股票日行情表""  
WHERE ""股票代码"" = '02198' AND ""交易日"" = '20201222';",{'振幅': 3.32},0.92,1,1,
56,2020年年度报告里，兴业基金管理有限公司管理的基金中，机构投资者持有份额比个人投资者多的基金有多少只?,"SELECT COUNT(*)
FROM 基金份额持有人结构表 t1
JOIN 基金基本信息表 t2 ON t1.基金代码 = t2.基金代码
WHERE t2.管理人 = '兴业基金管理有限公司'
  AND t1.定期报告所属年度 = 2020
  AND t1.报告类型 = '年度报告'
  AND t1.机构投资者持有的基金份额 > t1.个人投资者持有的基金份额;",{'COUNT(*)': 2},0.884,1,1,
57,请帮我计算，在20190312，中信行业分类划分的一级行业为消费者服务行业中，涨跌幅最大股票的股票代码是？涨跌幅是多少？百分数保留两位小数。股票涨跌幅定义为：（收盘价 - 前一日收盘价 / 前一日收盘价）* 100%。,"SELECT a.""股票代码"", printf(""%.2f"", ((CAST(a.""收盘价(元)"" AS REAL) - CAST(b.""昨收盘(元)"" AS REAL)) / CAST(b.""昨收盘(元)"" AS REAL)) * 100) AS ""涨跌幅""
FROM ""A股票日行情表"" a
JOIN ""A股公司行业划分表"" c ON a.""股票代码"" = c.""股票代码""
JOIN ""A股票日行情表"" b ON a.""股票代码"" = b.""股票代码"" AND b.""交易日"" = '20190311'
WHERE c.""一级行业名称"" = '消费者服务'
  AND a.""交易日"" = '20190312'
ORDER BY ((CAST(a.""收盘价(元)"" AS REAL) - CAST(b.""昨收盘(元)"" AS REAL)) / CAST(b.""昨收盘(元)"" AS REAL)) * 100 DESC
LIMIT 1;","{'股票代码': '300338', '涨跌幅': '16.27'}",1.438,1,1,
58,"我想了解一下红土创新基金管理有限公司2020年成立的混合型基金,其管理费率的平均值是多少?请四舍五入保留小数点两位。","SELECT ROUND(AVG(""管理费率""), 2) 
FROM ""基金基本信息表"" 
WHERE ""管理人"" = '红土创新基金管理有限公司' 
  AND strftime('%Y', substr(""成立日期"", 1, 4) || '-' || substr(""成立日期"", 5, 2) || '-' || substr(""成立日期"", 7, 2)) = '2020' 
  AND ""基金类型"" = '混合型';","{'ROUND(AVG(""管理费率""), 2)': 0.01}",0.884,1,1,
59,请查询在20210519日期，中信行业分类下电力设备及新能源一级行业中，当日收盘价波动最大（即最高价与最低价之差最大）的股票代码是什么？,"SELECT a.""股票代码""
FROM ""A股公司行业划分表"" a
JOIN ""A股票日行情表"" r ON a.""股票代码"" = r.""股票代码""
WHERE a.""交易日期"" = 20210519
  AND a.""一级行业名称"" = '电力设备及新能源'
  AND r.""交易日"" = 20210519
ORDER BY (r.""最高价(元)"" - r.""最低价(元)"") DESC
LIMIT 1;",{'股票代码': '688390'},1.021,1,1,
60,帮我查询在2020年12月31日，代码为010058的基金前20大重仓股票中属于中信二级饮料行业的平均市值是多少？小数点后保留不超过3位。,"SELECT ROUND(AVG(t1.""市值""), 3) 
FROM ""基金股票持仓明细表"" t1
JOIN ""A股公司行业划分表"" t2 
    ON t1.""股票代码"" = t2.""股票代码"" 
    AND strftime('%Y-%m-%d', t1.""持仓日期"") = strftime('%Y-%m-%d', t2.""交易日期"")
WHERE t1.""基金代码"" = '010058'
  AND strftime('%Y-%m-%d', t1.""持仓日期"") = '2020-12-31'
  AND t1.""第N大重仓股"" <= 20
  AND t2.""二级行业名称"" = '饮料';","{'ROUND(AVG(t1.""市值""), 3)': None}",1.263,1,1,
61,我想知道凯石沣混合C基金在20201231的季报中，其可转债持仓占比最大的是哪个行业？用申万一级行业来统计。,"SELECT 
    a.""一级行业名称""
FROM 
    ""基金可转债持仓明细表"" t
    JOIN ""A股公司行业划分表"" a ON t.""对应股票代码"" = a.""股票代码"" AND t.""持仓日期"" = a.""交易日期""
WHERE 
    t.""基金简称"" = '凯石沣混合C'
    AND t.""持仓日期"" = '20201231'
    AND t.""报告类型"" = '季报'
GROUP BY 
    a.""一级行业名称""
ORDER BY 
    SUM(t.""市值"") DESC
LIMIT 1;",NO_DATA,1.11,1,0,
62,我想知道浙江浙商证券资产管理有限公司在2019年成立了多少只管理费率小于0.8%的基金？,"SELECT COUNT(*) FROM ""基金基本信息表"" WHERE ""管理人"" = '浙江浙商证券资产管理有限公司' AND ""管理费率"" < 0.008 AND strftime('%Y', ""成立日期"") = '2019';",{'COUNT(*)': 0},0.816,1,1,
63,在2019年报中，汇添富中证长三角一体化发展主题ETF联接A基金第八大重仓股的代码和股票名称是什么？,"SELECT ""股票代码"", ""股票名称"" FROM ""基金股票持仓明细表""
WHERE ""基金简称"" = '汇添富中证长三角一体化发展主题ETF联接A'
  AND ""报告类型"" = '年度报告'
  AND ""第N大重仓股"" = 8;",NO_DATA,0.853,1,0,
64,帮我查询在2020年12月31日，代码为009704的基金前20大重仓股票中属于中信二级酒类行业的平均市值是多少？小数点后保留不超过3位。,"SELECT ROUND(AVG(t1.""市值""), 3) 
FROM ""基金股票持仓明细表"" t1
JOIN ""A股公司行业划分表"" t2 
  ON t1.""股票代码"" = t2.""股票代码"" AND t1.""持仓日期"" = t2.""交易日期""
WHERE t1.""基金代码"" = '009704' 
  AND t1.""持仓日期"" = '2020-12-31' 
  AND t1.""第N大重仓股"" <= 20 
  AND t2.""二级行业名称"" = '酒类';","{'ROUND(AVG(t1.""市值""), 3)': None}",1.179,1,1,
65,我想知道股票600508在申万行业分类下的二级行业是什么？用最新的数据。,"SELECT ""二级行业名称""
FROM ""A股公司行业划分表""
WHERE ""股票代码"" = '600508'
  AND ""行业划分标准"" = '申万行业分类'
ORDER BY ""交易日期"" DESC
LIMIT 1;",{'二级行业名称': '煤炭开采'},0.78,1,1,
66,招商基金管理有限公司2020年成立了多少基金?,"SELECT COUNT(*) 
FROM 基金基本信息表 
WHERE ""管理人"" = '招商基金管理有限公司' 
  AND strftime('%Y', substr(""成立日期"", 1, 8)) = '2020';",{'COUNT(*)': 0},0.776,1,1,
67,请帮我查询下在2020年浙商基金管理有限公司成立的基金中，有多少只基金持仓过可转债债券？,"SELECT COUNT(*) 
FROM 基金可转债持仓明细表 t1
JOIN 基金基本信息表 t2 ON t1.""基金代码"" = t2.""基金代码""
WHERE t2.""管理人"" = '浙商基金管理有限公司'
  AND strftime('%Y', t2.""成立日期"") = '2020'
  AND t1.""债券名称"" IS NOT NULL;",{'COUNT(*)': 0},0.969,1,1,
68,请查询在20190115日期，中信行业分类下轻工制造一级行业中，当日收盘价波动最大（即最高价与最低价之差最大）的股票代码是什么？,"SELECT a.""股票代码""
FROM A股票日行情表 a
JOIN A股公司行业划分表 b
ON a.""股票代码"" = b.""股票代码""
WHERE b.""交易日期"" = 20190115
  AND b.""一级行业名称"" = '轻工制造'
ORDER BY (a.""最高价(元)"" - a.""最低价(元)"") DESC
LIMIT 1;",ERROR: 执行超时（5秒）,0.956,0,0,执行超时（5秒）
69,请查询：在20201216，属于申万二级房屋建设行业的A股股票，它们的平均成交金额是多少？小数点后保留不超过5位。,"SELECT ROUND(AVG(""成交金额(元)""), 5) AS avg_amount
FROM ""A股票日行情表"" a
JOIN ""A股公司行业划分表"" b
  ON a.""股票代码"" = b.""股票代码"" AND a.""交易日"" = b.""交易日期""
WHERE a.""交易日"" = '20201216'
  AND b.""二级行业名称"" = '房屋建设'
  AND b.""股票代码"" LIKE '0%' OR b.""股票代码"" LIKE '6%';",ERROR: 执行超时（5秒）,1.263,0,0,执行超时（5秒）
70,查询下基金代码009350的基金，它的管理费率是？,"SELECT ""管理费率"" FROM ""基金基本信息表"" WHERE ""基金代码"" = '009350';",NO_DATA,0.838,1,0,
71,广发聚荣一年持有期混合C基金在20211231的季报里，前三大持仓占比的债券名称是什么?,"SELECT ""债券名称""
FROM 基金债券持仓明细表
WHERE ""基金简称"" = '广发聚荣一年持有期混合C'
  AND ""持仓日期"" = '2021-12-31'
  AND ""报告类型"" = '季报'
  AND ""第N大重仓股"" IN (1, 2, 3)
ORDER BY ""第N大重仓股"";",NO_DATA,0.959,1,0,
72,"在20210630的年报(含半年报)中，鹏华可转债债券C基金的债券持仓,其持有最大仓位的债券类型是什么?","SELECT ""债券类型""
FROM ""基金债券持仓明细表""
WHERE ""基金简称"" = '鹏华可转债债券C'
  AND ""持仓日期"" = '20210630'
  AND ""报告类型"" IN ('年报', '半年报', '中期报告')
ORDER BY ""持债市值"" DESC
LIMIT 1;",NO_DATA,0.962,1,0,
73,南方基金管理股份有限公司2019年成立了多少基金?,"SELECT COUNT(*) 
FROM ""基金基本信息表"" 
WHERE ""管理人"" = '南方基金管理股份有限公司' 
  AND substr(""成立日期"", 1, 4) = '2019';",{'COUNT(*)': 51},0.717,1,1,
74,请查询：在2021的年度报告中，个人投资者持有基金份额大于机构投资者持有基金份额的基金属于货币型类型的有几个。,"SELECT COUNT(*)
FROM 基金份额持有人结构表 AS s
JOIN 基金基本信息表 AS f ON s.""基金代码"" = f.""基金代码""
WHERE s.""定期报告所属年度"" = 2021
  AND s.""报告类型"" LIKE '%年报%'
  AND s.""个人投资者持有的基金份额"" > s.""机构投资者持有的基金份额""
  AND f.""基金类型"" = '货币型';",{'COUNT(*)': 0},0.977,1,1,
75,帮我查一下在2021年，代码为300238的A股股票今开盘高于昨收盘的天数？,"SELECT COUNT(*) 
FROM ""A股票日行情表"" 
WHERE ""股票代码"" = '300238' 
  AND strftime('%Y', ""交易日"", 'unixepoch') = '2021' 
  AND ""今开盘(元)"" > ""昨收盘(元)"";",{'COUNT(*)': 0},0.846,1,1,
76,"我想了解易方达稳健收益债券C基金,在2021年二季度的季报第5大重股。该持仓股票当个季度的涨跌幅?请四舍五入保留百分比到小数点两位。","SELECT ROUND((a.""收盘价(元)"" - a.""昨收盘(元)"") / a.""昨收盘(元)"" * 100, 2) AS 涨跌幅
FROM 基金股票持仓明细表 h
JOIN A股票日行情表 a ON h.""股票代码"" = a.""股票代码""
WHERE h.""基金简称"" = '易方达稳健收益债券C'
  AND h.""第N大重仓股"" = 5
  AND h.""报告类型"" = '季度报告'
  AND strftime('%Y-%m', h.""持仓日期"") = '2021-06'
  AND a.""交易日"" = (
    SELECT MAX(""交易日"")
    FROM A股票日行情表
    WHERE ""股票代码"" = h.""股票代码""
      AND strftime('%Y-%m', ""交易日"") = '2021-06'
  );",NO_DATA,2.183,1,0,
77,博时基金管理有限公司管理的股票型产品的数量有多少?,"SELECT COUNT(*) 
FROM 基金基本信息表 
WHERE 管理人 = '博时基金管理有限公司' 
  AND 基金类型 = '股票型';",{'COUNT(*)': 14},0.63,1,1,
78,请帮我查询出20200713日，公用事业一级行业涨幅超过5%（不包含）的股票数量。,"SELECT COUNT(*) 
FROM A股票日行情表 a
JOIN A股公司行业划分表 b 
  ON a.""股票代码"" = b.""股票代码"" 
WHERE a.""交易日"" = '20200713' 
  AND b.""一级行业名称"" = '公用事业' 
  AND (a.""收盘价(元)"" - a.""昨收盘(元)"") / a.""昨收盘(元)"" > 0.05;",{'COUNT(*)': 33441},0.938,1,1,
79,我想知道海富通基金管理有限公司在2020年成立了多少只管理费率小于0.8%的基金？,"SELECT COUNT(*) 
FROM 基金基本信息表 
WHERE ""管理人"" = '海富通基金管理有限公司' 
  AND strftime('%Y', ""成立日期"") = '2020' 
  AND ""管理费率"" < 0.008;",{'COUNT(*)': 0},0.804,1,1,
80,我想知道浙商汇金中高等级三个月定期开放债券C基金在20200630的年报(含半年报)中，其可转债持仓占比最大的是哪个行业？用中信一级行业来统计。,"SELECT 
  t2.""一级行业名称""
FROM (
  SELECT 
    t1.""对应股票代码"",
    t1.""市值占基金资产净值比"",
    MAX(t1.""市值占基金资产净值比"") OVER () AS max_ratio
  FROM ""基金可转债持仓明细表"" t1
  WHERE 
    t1.""基金简称"" = '浙商汇金中高等级三个月定期开放债券C'
    AND t1.""持仓日期"" = '20200630'
    AND t1.""报告类型"" IN ('年报', '半年报')
) t1
JOIN ""A股公司行业划分表"" t2 
  ON t1.""对应股票代码"" = t2.""股票代码"" 
  AND t2.""交易日期"" = '20200630'
WHERE 
  t1.""市值占基金资产净值比"" = t1.max_ratio
LIMIT 1;",NO_DATA,1.33,1,0,
81,20210618日，一级行业为基础化工的股票的成交量合计是多少？取整。,"SELECT CAST(SUM(a.""成交量(股)"") AS INTEGER) AS total_volume
FROM ""A股票日行情表"" a
JOIN ""A股公司行业划分表"" h
ON a.""股票代码"" = h.""股票代码"" AND a.""交易日"" = h.""交易日期""
WHERE h.""一级行业名称"" = '基础化工'
AND a.""交易日"" = '20210618';",{'total_volume': 4596648865},1.0,1,1,
82,国寿安保泰弘纯债债券基金在20210930的季报里，前三大持仓占比的债券名称是什么?,"SELECT ""债券名称"", ""持债市值占基金资产净值比""
FROM ""基金债券持仓明细表""
WHERE ""基金简称"" = '国寿安保泰弘纯债债券'
  AND ""持仓日期"" = '20210930'
  AND ""报告类型"" = '季报'
  AND ""第N大重仓股"" <= 3
ORDER BY ""持债市值占基金资产净值比"" DESC;","{'债券名称': '19国泰君安金融债01', '持债市值占基金资产净值比': 0.0756}",0.884,1,3,
83,我想知道在2021年，摩根基金管理(中国)有限公司已发行的基金中，有多少只基金报告期期初基金总份额小于报告期期末基金总份额(使用每只基金当年最晚的定期报告数据计算)？,"SELECT COUNT(*) 
FROM (
    SELECT f.""基金代码""
    FROM ""基金基本信息表"" f
    INNER JOIN ""基金规模变动表"" s ON f.""基金代码"" = s.""基金代码""
    WHERE f.""管理人"" = '摩根基金管理(中国)有限公司'
      AND s.""定期报告所属年度"" = 2021
      AND s.""报告类型"" IN ('年度报告', '中期报告')
    GROUP BY f.""基金代码""
    HAVING MAX(s.""截止日期"") = (
        SELECT MAX(s2.""截止日期"")
        FROM ""基金规模变动表"" s2
        WHERE s2.""基金代码"" = f.""基金代码""
          AND s2.""定期报告所属年度"" = 2021
          AND s2.""报告类型"" IN ('年度报告', '中期报告')
    )
) t
INNER JOIN ""基金规模变动表"" s_final ON t.""基金代码"" = s_final.""基金代码""
    AND s_final.""定期报告所属年度"" = 2021
    AND s_final.""报告类型"" IN ('年度报告', '中期报告')
    AND s_final.""截止日期"" = (
        SELECT MAX(s3.""截止日期"")
        FROM ""基金规模变动表"" s3
        WHERE s3.""基金代码"" = t.""基金代码""
          AND s3.""定期报告所属年度"" = 2021
          AND s3.""报告类型"" IN ('年度报告', '中期报告')
    )
WHERE s_final.""报告期期初基金总份额"" < s_final.""报告期期末基金总份额"";",{'COUNT(*)': 0},1.858,1,1,
84,平安金管家货币C基金在20210630的季报里，前三大持仓占比的债券名称是什么?,"SELECT ""债券名称""
FROM ""基金债券持仓明细表""
WHERE ""基金简称"" = '平安金管家货币C'
  AND ""持仓日期"" = '20210630'
  AND ""报告类型"" = '季报'
  AND ""第N大重仓股"" <= 3
ORDER BY ""第N大重仓股"" ASC;",{'债券名称': '21宁波银行CD164'},0.885,1,3,
85,我想知道2021年的中期报告中，机构投资者持有的份额占比超过15%的基金有多少，并且他们总共持有了多少?记得帮我保留两位小数。,"SELECT 
    COUNT(*) AS 机构占比超过15%的基金数量,
    ROUND(SUM(""机构投资者持有的基金份额""), 2) AS 机构投资者总持有份额
FROM ""基金份额持有人结构表""
WHERE 
    ""报告类型"" = '中期报告' 
    AND ""定期报告所属年度"" = 2021
    AND ""机构投资者持有的基金份额占总份额比例"" > 15;","ERROR: near ""%"": syntax error",0.986,0,0,"near ""%"": syntax error"
86,南方基金管理股份有限公司2020年成立了多少基金?,"SELECT COUNT(*) 
FROM 基金基本信息表 
WHERE ""管理人"" = '南方基金管理股份有限公司' 
  AND strftime('%Y',substr(""成立日期"",1,4) || '-' || substr(""成立日期"",5,2) || '-' || substr(""成立日期"",7,2)) = '2020';",{'COUNT(*)': 58},0.855,1,1,
87,"假设股票日收益率计算公式为：日收益率 = （当日收盘价-昨收盘价）/昨收盘价。请帮我找到在2019年，中信行业分类行业划分标准,电力及公用事业一级行业中, 代码为多少的股票的日均收益率最高？","SELECT a.""股票代码""
FROM ""A股公司行业划分表"" a
JOIN ""A股票日行情表"" r ON a.""股票代码"" = r.""股票代码""
WHERE a.""行业划分标准"" = '中信行业分类'
  AND a.""一级行业名称"" = '电力及公用事业'
  AND strftime('%Y', r.""交易日"") = '2019'
  AND strftime('%Y', a.""交易日期"") = '2019'
GROUP BY a.""股票代码""
ORDER BY AVG((r.""收盘价(元)"" - r.""昨收盘(元)"") / r.""昨收盘(元)"") DESC
LIMIT 1;",NO_DATA,1.177,1,0,
88,我想知道在2020年，华润元大基金管理有限公司已发行的基金中，有多少只基金报告期期初基金总份额小于报告期期末基金总份额(使用每只基金当年最晚的定期报告数据计算)？,"SELECT COUNT(*)
FROM (
    SELECT fs.""基金代码""
    FROM ""基金规模变动表"" fs
    JOIN ""基金基本信息表"" f ON fs.""基金代码"" = f.""基金代码""
    WHERE f.""管理人"" = '华润元大基金管理有限公司'
      AND fs.""定期报告所属年度"" = 2020
      AND fs.""报告类型"" IN ('年度报告', '中期报告')
      AND fs.""截止日期"" = (
          SELECT MAX(fs2.""截止日期"")
          FROM ""基金规模变动表"" fs2
          WHERE fs2.""基金代码"" = fs.""基金代码""
            AND fs2.""定期报告所属年度"" = 2020
            AND fs2.""报告类型"" IN ('年度报告', '中期报告')
      )
    GROUP BY fs.""基金代码""
    HAVING fs.""报告期期初基金总份额"" < fs.""报告期期末基金总份额""
) t;",{'COUNT(*)': 0},1.413,1,1,
89,请帮我计算，在20210719，中信行业分类划分的一级行业为消费者服务行业中，涨跌幅最大股票的股票代码是？涨跌幅是多少？百分数保留两位小数。股票涨跌幅定义为：（收盘价 - 前一日收盘价 / 前一日收盘价）* 100%。,"SELECT 
    t1.""股票代码"", 
    ROUND((CAST(t1.""收盘价(元)"" AS REAL) - CAST(t2.""昨收盘(元)"" AS REAL)) / CAST(t2.""昨收盘(元)"" AS REAL) * 100, 2) AS ""涨跌幅""
FROM 
    ""A股票日行情表"" t1
JOIN 
    ""A股票日行情表"" t2 
    ON t1.""股票代码"" = t2.""股票代码"" 
    AND t2.""交易日"" = '20210718'
JOIN 
    ""A股公司行业划分表"" t3 
    ON t1.""股票代码"" = t3.""股票代码"" 
    AND t3.""交易日期"" = '20210719'
WHERE 
    t1.""交易日"" = '20210719' 
    AND t3.""一级行业名称"" = '消费者服务'
    AND t2.""昨收盘(元)"" <> 0
ORDER BY 
    ""涨跌幅"" DESC 
LIMIT 1;",NO_DATA,1.599,1,0,
90,20201014港股下跌的股票家数有多少家?,"SELECT COUNT(*) 
FROM ""港股票日行情表"" 
WHERE ""交易日"" = 20201014 
  AND ""收盘价(元)"" < ""昨收盘(元)"";",{'COUNT(*)': 1487},0.736,1,1,
91,我想知道海富通安益对冲策略灵活配置混合C基金在20211231的年报(含半年报)中，其可转债持仓占比最大的是哪个行业？用中信一级行业来统计。,"SELECT 
    t3.""一级行业名称"" 
FROM 
    ""基金可转债持仓明细表"" t1
JOIN 
    ""A股公司行业划分表"" t3 
    ON t1.""对应股票代码"" = t3.""股票代码"" 
    AND t1.""持仓日期"" = t3.""交易日期""
WHERE 
    t1.""基金简称"" = '海富通安益对冲策略灵活配置混合C'
    AND t1.""持仓日期"" = '20211231'
    AND t1.""报告类型"" IN ('年度报告', '中期报告')
GROUP BY 
    t3.""一级行业名称""
ORDER BY 
    SUM(t1.""市值"") DESC
LIMIT 1;",NO_DATA,1.153,1,0,
92,请问在钢铁行业，20190223行业的A股公司有多少?,"SELECT COUNT(*) FROM A股公司行业划分表 WHERE ""一级行业名称"" = '钢铁' AND ""交易日期"" = '20190223';",{'COUNT(*)': 89},0.717,1,1,
93,我想知道招商安润灵活配置混合A基金，在2021年半年度报告中，前10大重仓股中，有多少只股票在报告期内取得正收益。,"SELECT COUNT(*) 
FROM (
    SELECT DISTINCT t1.""股票名称"", t2.""股票代码""
    FROM ""基金股票持仓明细表"" t1
    JOIN (
        SELECT ""股票代码"", 
               (MAX(""收盘价(元)"") - MIN(""昨收盘(元)"")) / MIN(""昨收盘(元)"") * 100 AS ""涨跌幅""
        FROM (
            SELECT ""股票代码"", ""交易日"", ""昨收盘(元)"", ""收盘价(元)""
            FROM ""A股票日行情表""
            WHERE ""交易日"" BETWEEN '2021-01-01' AND '2021-06-30'
        )
        GROUP BY ""股票代码""
        HAVING ""涨跌幅"" > 0
    ) t2 ON t1.""股票代码"" = t2.""股票代码""
    WHERE t1.""基金简称"" = '招商安润灵活配置混合A'
      AND t1.""报告类型"" = '半年报'
      AND t1.""第N大重仓股"" <= 10
) sub;",{'COUNT(*)': 0},1.587,1,1,
94,20200722日，一级行业为化工的股票的成交金额合计是多少？取整。,"SELECT ROUND(SUM(""成交金额(元)"")) 
FROM A股票日行情表 a
JOIN A股公司行业划分表 b 
ON a.""股票代码"" = b.""股票代码"" 
AND a.""交易日"" >= b.""交易日期""
WHERE b.""一级行业名称"" = '化工' 
AND a.""交易日"" = '20200722';","{'ROUND(SUM(""成交金额(元)""))': 37962149190679.0}",0.857,1,1,
95,请问2019年三季度有多少家基金是净申购?它们的净申购份额加起来是多少?请四舍五入保留小数点两位。,"SELECT 
    COUNT(*) AS 净申购基金数量,
    ROUND(SUM(""报告期基金总申购份额"" - ""报告期基金总赎回份额""), 2) AS 净申购份额合计
FROM ""基金规模变动表""
WHERE ""定期报告所属年度"" = 2019 
  AND (""报告期基金总申购份额"" - ""报告期基金总赎回份额"") > 0
  AND ""报告类型"" = '三季度报告';","{'净申购基金数量': 0, '净申购份额合计': None}",0.975,1,1,
96,请帮我计算，在20190128，申万行业分类划分的一级行业为食品饮料行业中，涨跌幅最大股票的股票代码是？涨跌幅是多少？百分数保留两位小数。股票涨跌幅定义为：（收盘价 - 前一日收盘价 / 前一日收盘价）* 100%。,"SELECT a.""股票代码"", ROUND(((a.""收盘价(元)"" - a.""昨收盘(元)"") / a.""昨收盘(元)"") * 100, 2) AS pct_change
FROM ""A股票日行情表"" a
JOIN ""A股公司行业划分表"" b
  ON a.""股票代码"" = b.""股票代码"" AND a.""交易日"" = b.""交易日期""
WHERE b.""一级行业名称"" = '食品饮料'
  AND a.""交易日"" = '20190128'
ORDER BY pct_change DESC
LIMIT 1;","{'股票代码': '002946', 'pct_change': 10.06}",1.15,1,1,
97,在2021年的中期报告里，中信证券股份有限公司管理的基金中，有多少比例的基金是个人投资者持有的份额超过机构投资者？希望得到一个精确到两位小数的百分比。,"SELECT ROUND(COUNT(*) * 100.0 / (SELECT COUNT(*) FROM 基金份额持有人结构表 AS h  
    JOIN 基金基本信息表 AS f ON h.""基金代码"" = f.""基金代码""  
    WHERE f.""管理人"" = '中信证券股份有限公司'  
      AND h.""报告类型"" = '中期报告'  
      AND h.""定期报告所属年度"" = 2021  
      AND h.""个人投资者持有的基金份额"" > h.""机构投资者持有的基金份额""), 2)  
FROM 基金份额持有人结构表 AS h  
JOIN 基金基本信息表 AS f ON h.""基金代码"" = f.""基金代码""  
WHERE f.""管理人"" = '中信证券股份有限公司'  
  AND h.""报告类型"" = '中期报告'  
  AND h.""定期报告所属年度"" = 2021  
  AND h.""个人投资者持有的基金份额"" > h.""机构投资者持有的基金份额"";","{'ROUND(COUNT(*) * 100.0 / (SELECT COUNT(*) FROM 基金份额持有人结构表 AS h  \n    JOIN 基金基本信息表 AS f ON h.""基金代码"" = f.""基金代码""  \n    WHERE f.""管理人"" = \'中信证券股份有限公司\'  \n      AND h.""报告类型"" = \'中期报告\'  \n      AND h.""定期报告所属年度"" = 2021  \n      AND h.""个人投资者持有的基金份额"" > h.""机构投资者持有的基金份额""), 2)': 100.0}",1.424,1,1,
98,"帮我算一下在20200617,代码为00878的港股日价格振幅是多少，小数点后保留不超过3位。","SELECT ROUND((""最高价(元)"" - ""最低价(元)"") / ""昨收盘(元)"" * 100, 3) AS 幅度 
FROM ""港股票日行情表"" 
WHERE ""交易日"" = '20200617' AND ""股票代码"" = '00878';",{'幅度': 1.233},0.942,1,1,
99,请查询：在2021的年度报告中，个人投资者持有基金份额大于机构投资者持有基金份额的基金属于其他型类型的有几个。,"SELECT COUNT(*) 
FROM 基金份额持有人结构表 s
JOIN 基金基本信息表 f ON s.""基金代码"" = f.""基金代码""
WHERE s.""定期报告所属年度"" = 2021 
  AND s.""报告类型"" = '年报'
  AND s.""个人投资者持有的基金份额"" > s.""机构投资者持有的基金份额""
  AND f.""基金类型"" = '其他型';",{'COUNT(*)': 0},0.915,1,1,
STATS,统计信息 (成功率: 91/100),"总耗时: 109.603s, 最长: 2.183s, 最短: 0.630s, 平均: 1.096s",,1.096,91,,
